player_id,player_name,game_date,category,predicted_value,actual_value,confidence
596019,Francisco Lindor,2026-07-05,hrr,2.44,5.0,0.567
665742,Juan Soto,2026-07-05,hrr,2.011,5.0,0.7
666182,Bo Bichette,2026-07-05,hrr,1.824,7.0,0.74
676724,Jared Young,2026-07-05,hrr,1.955,3.0,0.7
701807,Carson Benge,2026-07-05,hrr,1.761,0.0,0.74
621438,Tyrone Taylor,2026-07-05,hrr,1.969,3.0,0.517
805999,A.J. Ewing,2026-07-05,hrr,2.071,4.0,0.7
620443,Luis Torrens,2026-07-05,hrr,1.712,1.0,0.74
683146,Brett Baty,2026-07-05,hrr,1.621,4.0,0.74
686948,Drake Baldwin,2026-07-05,hrr,1.411,8.0,0.717
645277,Ozzie Albies,2026-07-05,hrr,1.679,2.0,0.74
621566,Matt Olson,2026-07-05,hrr,1.759,2.0,0.74
671739,Michael Harris II,2026-07-05,hrr,1.687,6.0,0.74
643289,Mauricio Dubón,2026-07-05,hrr,1.574,5.0,0.74
642086,Dominic Smith,2026-07-05,hrr,1.686,2.0,0.74
663586,Austin Riley,2026-07-05,hrr,1.504,3.0,0.74
642201,Eli White,2026-07-05,hrr,1.642,1.0,0.67
622761,Jorge Mateo,2026-07-05,hrr,1.918,0.0,0.66
804606,Konnor Griffin,2026-07-05,hrr,1.989,5.0,0.677
664040,Brandon Lowe,2026-07-05,hrr,1.783,5.0,0.74
668804,Bryan Reynolds,2026-07-05,hrr,1.75,3.0,0.74
695257,Billy Cook,2026-07-05,hrr,1.166,0.0,0.563
656811,Ryan O'Hearn,2026-07-05,hrr,1.603,3.0,0.74
693304,Nick Gonzales,2026-07-05,hrr,1.508,5.0,0.74
680779,Henry Davis,2026-07-05,hrr,1.885,4.0,0.657
669707,Jared Triolo,2026-07-05,hrr,1.733,2.0,0.74
663968,Jake Mangum,2026-07-05,hrr,1.858,3.0,0.74
695578,James Wood,2026-07-05,hrr,2.098,1.0,0.7
671277,Luis García Jr.,2026-07-05,hrr,1.819,5.0,0.74
678554,Curtis Mead,2026-07-05,hrr,2.293,2.0,0.7
682928,CJ Abrams,2026-07-05,hrr,1.714,2.0,0.74
695734,Daylen Lile,2026-07-05,hrr,1.642,0.0,0.74
686611,Dylan Crews,2026-07-05,hrr,1.96,4.0,0.7
677588,José Tena,2026-07-05,hrr,1.537,2.0,0.73
665953,Andrés Chaparro,2026-07-05,hrr,1.621,0.0,0.647
686452,Drew Millas,2026-07-05,hrr,1.732,0.0,0.677
683002,Gunnar Henderson,2026-07-05,hrr,1.928,1.0,0.74
668939,Adley Rutschman,2026-07-05,hrr,2.209,1.0,0.7
621493,Taylor Ward,2026-07-05,hrr,1.801,3.0,0.74
624413,Pete Alonso,2026-07-05,hrr,1.832,0.0,0.74
694212,Samuel Basallo,2026-07-05,hrr,2.166,0.0,0.7
687637,Dylan Beavers,2026-07-05,hrr,1.78,1.0,0.54
665750,Leody Taveras,2026-07-05,hrr,1.634,0.0,0.74
702616,Jackson Holliday,2026-07-05,hrr,1.804,0.0,0.74
677942,Blaze Alexander,2026-07-05,hrr,2.253,3.0,0.7
682829,Elly De La Cruz,2026-07-05,hrr,1.917,0.0,0.7
701398,Sal Stewart,2026-07-05,hrr,1.923,2.0,0.7
668709,JJ Bleday,2026-07-05,hrr,2.188,0.0,0.7
553993,Eugenio Suárez,2026-07-05,hrr,1.555,1.0,0.74
668715,Spencer Steer,2026-07-05,hrr,1.68,4.0,0.74
663886,Tyler Stephenson,2026-07-05,hrr,2.172,2.0,0.7
682622,Noelvi Marte,2026-07-05,hrr,1.973,0.0,0.7
670770,TJ Friedl,2026-07-05,hrr,1.71,0.0,0.59
695490,Edwin Arroyo,2026-07-05,hrr,1.844,2.0,0.74
668885,Austin Martin,2026-07-05,hrr,1.919,5.0,0.74
693459,Kyler Fedko,2026-07-05,hrr,1.383,0.0,0.573
665019,Kody Clemens,2026-07-05,hrr,1.774,1.0,0.74
605137,Josh Bell,2026-07-05,hrr,1.659,2.0,0.74
668904,Royce Lewis,2026-07-05,hrr,1.859,5.0,0.7
605170,Victor Caratini,2026-07-05,hrr,1.955,1.0,0.7
686797,Brooks Lee,2026-07-05,hrr,1.511,5.0,0.74
668952,Ryan Kreidler,2026-07-05,hrr,1.662,2.0,0.74
807712,Luke Keaschall,2026-07-05,hrr,1.467,2.0,0.74
663757,Trent Grisham,2026-07-05,hrr,1.848,2.0,0.736
700250,Ben Rice,2026-07-05,hrr,1.842,1.0,0.7
691176,Jasson Domínguez,2026-07-05,hrr,2.036,0.0,0.7
641355,Cody Bellinger,2026-07-05,hrr,1.67,1.0,0.74
683011,Anthony Volpe,2026-07-05,hrr,1.815,0.0,0.74
642708,Amed Rosario,2026-07-05,hrr,1.891,0.0,0.667
680474,Max Schuemann,2026-07-05,hrr,1.987,0.0,0.56
669224,Austin Wells,2026-07-05,hrr,1.315,1.0,0.697
676609,José Caballero,2026-07-05,hrr,1.728,0.0,0.74
803011,Sam Antonacci,2026-07-05,hrr,2.238,1.0,0.7
678246,Miguel Vargas,2026-07-05,hrr,1.931,3.0,0.7
691019,Kyle Teel,2026-07-05,hrr,1.75,4.0,0.627
643217,Andrew Benintendi,2026-07-05,hrr,2.172,3.0,0.7
695657,Colson Montgomery,2026-07-05,hrr,1.766,5.0,0.74
695731,Braden Montgomery,2026-07-05,hrr,1.802,1.0,0.74
805367,Chase Meidroth,2026-07-05,hrr,1.589,1.0,0.74
671976,Tristan Peters,2026-07-05,hrr,1.893,4.0,0.74
682668,Luisangel Acuña,2026-07-05,hrr,1.842,0.0,0.67
683953,Travis Bazzana,2026-07-05,hrr,1.909,2.0,0.7
696135,Kahlil Watson,2026-07-05,hrr,1.708,1.0,0.67
800050,Chase DeLauter,2026-07-05,hrr,1.678,6.0,0.74
656555,Rhys Hoskins,2026-07-05,hrr,1.111,0.0,0.78
672356,Gabriel Arias,2026-07-05,hrr,1.285,6.0,0.68
694876,Cooper Ingle,2026-07-05,hrr,1.032,1.0,0.597
682177,Daniel Schneemann,2026-07-05,hrr,1.3,3.0,0.78
677587,Brayan Rocchio,2026-07-05,hrr,1.487,1.0,0.74
595978,Austin Hedges,2026-07-05,hrr,1.867,0.0,0.713
802139,JJ Wetherholt,2026-07-05,hrr,2.023,4.0,0.7
671056,Iván Herrera,2026-07-05,hrr,1.944,0.0,0.74
676475,Alec Burleson,2026-07-05,hrr,1.912,3.0,0.74
691023,Jordan Walker,2026-07-05,hrr,1.895,6.0,0.74
663457,Lars Nootbaar,2026-07-05,hrr,2.212,0.0,0.7
691026,Masyn Winn,2026-07-05,hrr,1.677,1.0,0.74
701675,Nathan Church,2026-07-05,hrr,1.754,1.0,0.733
665877,José Fermín,2026-07-05,hrr,1.778,0.0,0.74
676369,Nelson Velázquez,2026-07-05,hrr,2.303,0.0,0.617
691718,Pete Crow-Armstrong,2026-07-05,hrr,1.899,3.0,0.74
608324,Alex Bregman,2026-07-05,hrr,1.771,3.0,0.74
673548,Seiya Suzuki,2026-07-05,hrr,1.752,0.0,0.74
608348,Carson Kelly,2026-07-05,hrr,1.881,2.0,0.74
683737,Michael Busch,2026-07-05,hrr,1.667,2.0,0.74
663538,Nico Hoerner,2026-07-05,hrr,2.014,4.0,0.7
664023,Ian Happ,2026-07-05,hrr,1.597,0.0,0.74
621020,Dansby Swanson,2026-07-05,hrr,1.498,2.0,0.74
699393,Pedro Ramírez,2026-07-05,hrr,1.849,1.0,0.687
607208,Trea Turner,2026-07-05,hrr,1.793,0.0,0.74
656941,Kyle Schwarber,2026-07-05,hrr,1.892,0.0,0.7
547180,Bryce Harper,2026-07-05,hrr,1.785,0.0,0.74
669016,Brandon Marsh,2026-07-05,hrr,1.657,1.0,0.74
664761,Alec Bohm,2026-07-05,hrr,1.592,0.0,0.74
681082,Bryson Stott,2026-07-05,hrr,1.563,4.0,0.74
687282,Gabriel Rincones Jr.,2026-07-05,hrr,1.437,2.0,0.657
702222,Justin Crawford,2026-07-05,hrr,1.809,1.0,0.74
596117,Garrett Stubbs,2026-07-05,hrr,1.552,1.0,0.42
695600,Carter Jensen,2026-07-05,hrr,1.828,1.0,0.74
677951,Bobby Witt Jr.,2026-07-05,hrr,1.748,4.0,0.74
695506,Jac Caglianone,2026-07-05,hrr,1.829,1.0,0.74
657041,Lane Thomas,2026-07-05,hrr,2.068,4.0,0.7
679845,Nick Loftin,2026-07-05,hrr,1.832,0.0,0.74
521692,Salvador Perez,2026-07-05,hrr,1.526,3.0,0.74
668942,Josh Rojas,2026-07-05,hrr,1.67,0.0,0.543
670224,Kameron Misner,2026-07-05,hrr,1.393,0.0,0.62
686555,Isaac Collins,2026-07-05,hrr,1.507,3.0,0.74
650490,Yandy Díaz,2026-07-05,hrr,1.866,0.0,0.74
666018,Jonathan Aranda,2026-07-05,hrr,1.844,1.0,0.74
691406,Junior Caminero,2026-07-05,hrr,1.822,0.0,0.74
668723,Ryan Vilade,2026-07-05,hrr,2.188,0.0,0.7
802415,Chandler Simpson,2026-07-05,hrr,1.654,1.0,0.74
810938,Ben Williamson,2026-07-05,hrr,1.844,1.0,0.74
683748,Victor Mesa Jr.,2026-07-05,hrr,1.784,0.0,0.74
676356,Jonny DeLuca,2026-07-05,hrr,1.887,1.0,0.587
663743,Nick Fortes,2026-07-05,hrr,1.605,0.0,0.74
514888,Jose Altuve,2026-07-05,hrr,1.869,1.0,0.74
670541,Yordan Alvarez,2026-07-05,hrr,1.99,0.0,0.7
670623,Isaac Paredes,2026-07-05,hrr,1.794,4.0,0.74
572233,Christian Walker,2026-07-05,hrr,1.724,3.0,0.74
694728,Brice Matthews,2026-07-05,hrr,1.878,0.0,0.74
701358,Cam Smith,2026-07-05,hrr,1.702,1.0,0.74
701305,Zach Dezenzo,2026-07-05,hrr,1.187,0.0,0.58
669397,Nick Allen,2026-07-05,hrr,1.527,0.0,0.653
543877,Christian Vázquez,2026-07-05,hrr,1.531,1.0,0.74
805808,Kevin McGonigle,2026-07-05,hrr,1.882,3.0,0.74
693307,Dillon Dingler,2026-07-05,hrr,1.902,3.0,0.7
663837,Matt Vierling,2026-07-05,hrr,1.97,1.0,0.7
682985,Riley Greene,2026-07-05,hrr,1.8,8.0,0.74
679529,Spencer Torkelson,2026-07-05,hrr,1.756,1.0,0.74
701678,Hao-Yu Lee,2026-07-05,hrr,1.718,0.0,0.74
656716,Zach McKinstry,2026-07-05,hrr,1.666,0.0,0.74
668670,Jake Rogers,2026-07-05,hrr,1.321,0.0,0.65
681546,James Outman,2026-07-05,hrr,1.132,2.0,0.747
592626,Joc Pederson,2026-07-05,hrr,1.931,1.0,0.7
669394,Jake Burger,2026-07-05,hrr,1.8,3.0,0.74
607043,Brandon Nimmo,2026-07-05,hrr,1.865,2.0,0.74
677649,Ezequiel Duran,2026-07-05,hrr,1.736,3.0,0.74
694497,Evan Carter,2026-07-05,hrr,1.601,0.0,0.72
553869,Elias Díaz,2026-07-05,hrr,1.99,0.0,0.627
669701,Josh Smith,2026-07-05,hrr,1.739,1.0,0.547
696030,Alejandro Osuna,2026-07-05,hrr,1.737,0.0,0.74
670032,Nicky Lopez,2026-07-05,hrr,1.761,2.0,0.74
650333,Luis Arraez,2026-07-05,hrr,2.147,0.0,0.7
669477,Casey Schmitt,2026-07-05,hrr,1.88,3.0,0.74
671218,Heliot Ramos,2026-07-05,hrr,2.686,1.0,0.53
646240,Rafael Devers,2026-07-05,hrr,1.743,6.0,0.74
813841,Jonah Cox,2026-07-05,hrr,1.579,0.0,0.587
642715,Willy Adames,2026-07-05,hrr,1.605,3.0,0.74
805811,Bryce Eldridge,2026-07-05,hrr,2.236,0.0,0.7
687551,Drew Gilbert,2026-07-05,hrr,1.871,8.0,0.74
701852,Drew Cavanaugh,2026-07-05,hrr,2.045,0.0,0.51
664983,Jake McCarthy,2026-07-05,hrr,2.326,2.0,0.7
694249,Cole Carrigg,2026-07-05,hrr,2.298,0.0,0.7
696100,Hunter Goodman,2026-07-05,hrr,1.896,4.0,0.7
681198,TJ Rumfield,2026-07-05,hrr,1.758,5.0,0.74
671289,Tyler Freeman,2026-07-05,hrr,1.829,0.0,0.74
691720,Kyle Karros,2026-07-05,hrr,1.599,5.0,0.74
666397,Edouard Julien,2026-07-05,hrr,2.136,2.0,0.7
664954,Brett Sullivan,2026-07-05,hrr,1.886,2.0,0.6
650489,Willi Castro,2026-07-05,hrr,1.599,1.0,0.74
668930,Brice Turang,2026-07-05,hrr,1.976,1.0,0.7
694192,Jackson Chourio,2026-07-05,hrr,2.436,2.0,0.7
592885,Christian Yelich,2026-07-05,hrr,1.909,0.0,0.736
686217,Sal Frelick,2026-07-05,hrr,1.809,1.0,0.74
641343,Jake Bauers,2026-07-05,hrr,1.849,4.0,0.74
669003,Garrett Mitchell,2026-07-05,hrr,2.338,0.0,0.7
596142,Gary Sánchez,2026-07-05,hrr,2.154,2.0,0.63
666152,David Hamilton,2026-07-05,hrr,1.75,0.0,0.74
687401,Joey Ortiz,2026-07-05,hrr,1.875,2.0,0.74
606466,Ketel Marte,2026-07-05,hrr,1.818,1.0,0.74
672695,Geraldo Perdomo,2026-07-05,hrr,1.703,4.0,0.74
682998,Corbin Carroll,2026-07-05,hrr,1.731,2.0,0.74
672515,Gabriel Moreno,2026-07-05,hrr,2.227,1.0,0.7
596146,Max Kepler,2026-07-05,hrr,2.008,0.0,0.51
545121,Ildemaro Vargas,2026-07-05,hrr,1.522,0.0,0.74
694374,Tim Tawa,2026-07-05,hrr,1.042,0.0,0.577
656976,Pavin Smith,2026-07-05,hrr,1.589,1.0,0.72
694371,Tommy Troy,2026-07-05,hrr,1.815,2.0,0.74
672640,Otto Lopez,2026-07-05,hrr,1.888,8.0,0.74
681715,Heriberto Hernández,2026-07-05,hrr,2.31,7.0,0.7
689414,Liam Hicks,2026-07-05,hrr,1.792,4.0,0.74
669364,Xavier Edwards,2026-07-05,hrr,1.718,2.0,0.74
691594,Javier Sanoja,2026-07-05,hrr,1.936,1.0,0.74
665923,Esteury Ruiz,2026-07-05,hrr,1.646,2.0,0.713
677870,Leo Jiménez,2026-07-05,hrr,1.642,4.0,0.683
665052,Griffin Conine,2026-07-05,hrr,1.28,0.0,0.643
691788,Joe Mack,2026-07-05,hrr,2.108,0.0,0.7
703607,Henry Bolte,2026-07-05,hrr,1.936,0.0,0.7
701762,Nick Kurtz,2026-07-05,hrr,1.807,0.0,0.74
680869,Zack Gelof,2026-07-05,hrr,1.886,2.0,0.74
671732,Lawrence Butler,2026-07-05,hrr,1.904,3.0,0.7
811965,Joshua Kuroda-Grauer,2026-07-05,hrr,2.037,2.0,0.513
666126,Carlos Cortes,2026-07-05,hrr,1.722,3.0,0.74
691777,Max Muncy,2026-07-05,hrr,1.546,2.0,0.7
687515,Colby Thomas,2026-07-05,hrr,1.341,0.0,0.723
661531,Brian Serven,2026-07-05,hrr,1.502,1.0,0.42
664770,Nathan Lukes,2026-07-05,hrr,2.224,1.0,0.7
665489,Vladimir Guerrero Jr.,2026-07-05,hrr,1.777,1.0,0.74
672960,Kazuma Okamoto,2026-07-05,hrr,1.894,0.0,0.7
672386,Alejandro Kirk,2026-07-05,hrr,1.807,0.0,0.673
662139,Daulton Varsho,2026-07-05,hrr,1.657,0.0,0.74
676391,Ernie Clement,2026-07-05,hrr,1.573,1.0,0.74
678218,Brandon Valenzuela,2026-07-05,hrr,1.751,0.0,0.74
649966,Luis Urías,2026-07-05,hrr,1.8,0.0,0.553
664702,Myles Straw,2026-07-05,hrr,1.717,0.0,0.707
641487,J.P. Crawford,2026-07-05,hrr,1.799,0.0,0.74
668227,Randy Arozarena,2026-07-05,hrr,1.796,2.0,0.74
663728,Cal Raleigh,2026-07-05,hrr,1.334,2.0,0.76
647304,Josh Naylor,2026-07-05,hrr,1.676,2.0,0.74
670042,Luke Raley,2026-07-05,hrr,1.634,1.0,0.74
702284,Cole Young,2026-07-05,hrr,1.595,1.0,0.74
641598,Mitch Garver,2026-07-05,hrr,1.857,4.0,0.643
806068,Colt Emerson,2026-07-05,hrr,1.327,0.0,0.78
645302,Victor Robles,2026-07-05,hrr,1.705,2.0,0.727
665487,Fernando Tatis Jr.,2026-07-05,hrr,1.784,5.0,0.74
609280,Miguel Andujar,2026-07-05,hrr,2.065,0.0,0.7
592518,Manny Machado,2026-07-05,hrr,1.661,6.0,0.74
687749,Jase Bowen,2026-07-05,hrr,1.174,0.0,0.65
664034,Ty France,2026-07-05,hrr,1.47,0.0,0.74
701538,Jackson Merrill,2026-07-05,hrr,1.539,2.0,0.74
593428,Xander Bogaerts,2026-07-05,hrr,1.494,0.0,0.74
823550,Sung-Mun Song,2026-07-05,hrr,1.526,2.0,0.663
669134,Luis Campusano,2026-07-05,hrr,1.516,2.0,0.42
660271,Shohei Ohtani,2026-07-05,hrr,1.939,2.0,0.7
681624,Andy Pages,2026-07-05,hrr,1.761,0.0,0.74
518692,Freddie Freeman,2026-07-05,hrr,1.734,0.0,0.74
605141,Mookie Betts,2026-07-05,hrr,2.001,0.0,0.7
606192,Teoscar Hernández,2026-07-05,hrr,1.583,1.0,0.633
571970,Max Muncy,2026-07-05,hrr,1.625,0.0,0.74
663656,Kyle Tucker,2026-07-05,hrr,1.524,2.0,0.74
690976,Alex Freeland,2026-07-05,hrr,1.444,2.0,0.74
687221,Dalton Rushing,2026-07-05,hrr,1.881,0.0,0.74
678011,Anthony Seigler,2026-07-05,hrr,2.122,2.0,0.63
678882,Ceddanne Rafaela,2026-07-05,hrr,1.763,2.0,0.74
677800,Wilyer Abreu,2026-07-05,hrr,1.788,2.0,0.74
575929,Willson Contreras,2026-07-05,hrr,1.748,5.0,0.74
807799,Masataka Yoshida,2026-07-05,hrr,1.923,4.0,0.74
702332,Caleb Durbin,2026-07-05,hrr,1.572,1.0,0.74
680776,Jarren Duran,2026-07-05,hrr,1.579,5.0,0.74
665966,Carlos Narváez,2026-07-05,hrr,1.125,0.0,0.717
691907,Tsung-Che Cheng,2026-07-05,hrr,1.853,3.0,0.547
687263,Zach Neto,2026-07-05,hrr,1.862,7.0,0.74
694203,Denzer Guzman,2026-07-05,hrr,2.207,2.0,0.7
687093,Vaughn Grissom,2026-07-05,hrr,2.033,0.0,0.7
624585,Jorge Soler,2026-07-05,hrr,1.756,1.0,0.74
622268,Donovan Walton,2026-07-05,hrr,2.104,2.0,0.7
666176,Jo Adell,2026-07-05,hrr,1.569,5.0,0.74
685133,Wade Meckler,2026-07-05,hrr,1.931,0.0,0.7
681351,Logan O'Hoppe,2026-07-05,hrr,1.721,1.0,0.74
666139,Josh Lowe,2026-07-05,hrr,2.182,1.0,0.557
