relative_path,change_type,status,evidence_path,test_reference
.dockerignore,MODIFIED,UNCOMMITTED_LOCAL_HOLD,docs/omega_stage2/phase4/PHASE4_FILES_CREATED_OR_CHANGED.csv,git diff --name-status 1ff7a2b and git ls-files --others
.github/workflows/omega-candidate-ci.yml,MODIFIED,UNCOMMITTED_LOCAL_HOLD,docs/omega_stage2/phase4/PHASE4_FILES_CREATED_OR_CHANGED.csv,git diff --name-status 1ff7a2b and git ls-files --others
.github/workflows/omega-staging-deploy.yml,MODIFIED,UNCOMMITTED_LOCAL_HOLD,docs/omega_stage2/phase4/PHASE4_FILES_CREATED_OR_CHANGED.csv,git diff --name-status 1ff7a2b and git ls-files --others
Dockerfile,MODIFIED,UNCOMMITTED_LOCAL_HOLD,docs/omega_stage2/phase4/PHASE4_FILES_CREATED_OR_CHANGED.csv,git diff --name-status 1ff7a2b and git ls-files --others
config/omega_production_boundary_v1.json,MODIFIED,UNCOMMITTED_LOCAL_HOLD,docs/omega_stage2/phase4/PHASE4_FILES_CREATED_OR_CHANGED.csv,git diff --name-status 1ff7a2b and git ls-files --others
dashboard/app.py,MODIFIED,UNCOMMITTED_LOCAL_HOLD,docs/omega_stage2/phase4/PHASE4_FILES_CREATED_OR_CHANGED.csv,git diff --name-status 1ff7a2b and git ls-files --others
dashboard/contracts.py,MODIFIED,UNCOMMITTED_LOCAL_HOLD,docs/omega_stage2/phase4/PHASE4_FILES_CREATED_OR_CHANGED.csv,git diff --name-status 1ff7a2b and git ls-files --others
dashboard/snapshot_store.py,MODIFIED,UNCOMMITTED_LOCAL_HOLD,docs/omega_stage2/phase4/PHASE4_FILES_CREATED_OR_CHANGED.csv,git diff --name-status 1ff7a2b and git ls-files --others
dashboard/templates/index.html,MODIFIED,UNCOMMITTED_LOCAL_HOLD,docs/omega_stage2/phase4/PHASE4_FILES_CREATED_OR_CHANGED.csv,git diff --name-status 1ff7a2b and git ls-files --others
docs/omega_stage2/phase4/CANONICAL_CHRONOLOGY_AUTHORITY.md,ADDED,UNCOMMITTED_LOCAL_HOLD,docs/omega_stage2/phase4/PHASE4_FILES_CREATED_OR_CHANGED.csv,git diff --name-status 1ff7a2b and git ls-files --others
docs/omega_stage2/phase4/CHRONOLOGY_BYPASS_MUTATION_MATRIX.csv,ADDED,UNCOMMITTED_LOCAL_HOLD,docs/omega_stage2/phase4/PHASE4_FILES_CREATED_OR_CHANGED.csv,git diff --name-status 1ff7a2b and git ls-files --others
docs/omega_stage2/phase4/CHRONOLOGY_CALL_GRAPH.json,ADDED,UNCOMMITTED_LOCAL_HOLD,docs/omega_stage2/phase4/PHASE4_FILES_CREATED_OR_CHANGED.csv,git diff --name-status 1ff7a2b and git ls-files --others
docs/omega_stage2/phase4/CROSS_PLATFORM_SOURCE_VERIFICATION.md,ADDED,UNCOMMITTED_LOCAL_HOLD,docs/omega_stage2/phase4/PHASE4_FILES_CREATED_OR_CHANGED.csv,git diff --name-status 1ff7a2b and git ls-files --others
docs/omega_stage2/phase4/DASHBOARD_CAPABILITY_AUDIT.md,ADDED,UNCOMMITTED_LOCAL_HOLD,docs/omega_stage2/phase4/PHASE4_FILES_CREATED_OR_CHANGED.csv,git diff --name-status 1ff7a2b and git ls-files --others
docs/omega_stage2/phase4/DASHBOARD_CAPABILITY_POLICY.json,ADDED,UNCOMMITTED_LOCAL_HOLD,docs/omega_stage2/phase4/PHASE4_FILES_CREATED_OR_CHANGED.csv,git diff --name-status 1ff7a2b and git ls-files --others
docs/omega_stage2/phase4/DASHBOARD_RUNTIME_DENIAL_RESULTS.txt,ADDED,UNCOMMITTED_LOCAL_HOLD,docs/omega_stage2/phase4/PHASE4_FILES_CREATED_OR_CHANGED.csv,git diff --name-status 1ff7a2b and git ls-files --others
docs/omega_stage2/phase4/DASHBOARD_TRANSITIVE_IMPORT_GRAPH.json,ADDED,UNCOMMITTED_LOCAL_HOLD,docs/omega_stage2/phase4/PHASE4_FILES_CREATED_OR_CHANGED.csv,git diff --name-status 1ff7a2b and git ls-files --others
docs/omega_stage2/phase4/DEPENDENCY_LOCK_ATTESTATION.md,ADDED,UNCOMMITTED_LOCAL_HOLD,docs/omega_stage2/phase4/PHASE4_FILES_CREATED_OR_CHANGED.csv,git diff --name-status 1ff7a2b and git ls-files --others
docs/omega_stage2/phase4/DISPLAY_PAYLOAD_SEMANTIC_CONTRACT.md,ADDED,UNCOMMITTED_LOCAL_HOLD,docs/omega_stage2/phase4/PHASE4_FILES_CREATED_OR_CHANGED.csv,git diff --name-status 1ff7a2b and git ls-files --others
docs/omega_stage2/phase4/DISPLAY_ROW_IDENTITY_CONTRACT.md,ADDED,UNCOMMITTED_LOCAL_HOLD,docs/omega_stage2/phase4/PHASE4_FILES_CREATED_OR_CHANGED.csv,git diff --name-status 1ff7a2b and git ls-files --others
docs/omega_stage2/phase4/DISPLAY_SNAPSHOT_SCHEMA.json,ADDED,UNCOMMITTED_LOCAL_HOLD,docs/omega_stage2/phase4/PHASE4_FILES_CREATED_OR_CHANGED.csv,git diff --name-status 1ff7a2b and git ls-files --others
docs/omega_stage2/phase4/IAC_STRUCTURAL_TEST_MATRIX.csv,ADDED,UNCOMMITTED_LOCAL_HOLD,docs/omega_stage2/phase4/PHASE4_FILES_CREATED_OR_CHANGED.csv,git diff --name-status 1ff7a2b and git ls-files --others
docs/omega_stage2/phase4/IMPORT_TO_LOCK_CLOSURE.md,ADDED,UNCOMMITTED_LOCAL_HOLD,docs/omega_stage2/phase4/PHASE4_FILES_CREATED_OR_CHANGED.csv,git diff --name-status 1ff7a2b and git ls-files --others
docs/omega_stage2/phase4/INSTALLED_WHEEL_TEST_RESULTS.txt,ADDED,UNCOMMITTED_LOCAL_HOLD,docs/omega_stage2/phase4/PHASE4_FILES_CREATED_OR_CHANGED.csv,git diff --name-status 1ff7a2b and git ls-files --others
docs/omega_stage2/phase4/MANIFEST_AUTHORIZATION_CONTRACT.md,ADDED,UNCOMMITTED_LOCAL_HOLD,docs/omega_stage2/phase4/PHASE4_FILES_CREATED_OR_CHANGED.csv,git diff --name-status 1ff7a2b and git ls-files --others
docs/omega_stage2/phase4/MANIFEST_AUTHORIZATION_TEST_MATRIX.csv,ADDED,UNCOMMITTED_LOCAL_HOLD,docs/omega_stage2/phase4/PHASE4_FILES_CREATED_OR_CHANGED.csv,git diff --name-status 1ff7a2b and git ls-files --others
docs/omega_stage2/phase4/MANIFEST_TRUST_SCHEMA.json,ADDED,UNCOMMITTED_LOCAL_HOLD,docs/omega_stage2/phase4/PHASE4_FILES_CREATED_OR_CHANGED.csv,git diff --name-status 1ff7a2b and git ls-files --others
docs/omega_stage2/phase4/PHASE3_PRESERVATION_ATTESTATION.md,ADDED,UNCOMMITTED_LOCAL_HOLD,docs/omega_stage2/phase4/PHASE4_FILES_CREATED_OR_CHANGED.csv,git diff --name-status 1ff7a2b and git ls-files --others
docs/omega_stage2/phase4/PHASE3_PRESERVATION_MANIFEST.csv,ADDED,UNCOMMITTED_LOCAL_HOLD,docs/omega_stage2/phase4/PHASE4_FILES_CREATED_OR_CHANGED.csv,git diff --name-status 1ff7a2b and git ls-files --others
docs/omega_stage2/phase4/PHASE4_BLOCKERS.md,ADDED,UNCOMMITTED_LOCAL_HOLD,docs/omega_stage2/phase4/PHASE4_FILES_CREATED_OR_CHANGED.csv,git diff --name-status 1ff7a2b and git ls-files --others
docs/omega_stage2/phase4/PHASE4_BLOCKER_CLOSURE_MATRIX.csv,ADDED,UNCOMMITTED_LOCAL_HOLD,docs/omega_stage2/phase4/PHASE4_FILES_CREATED_OR_CHANGED.csv,git diff --name-status 1ff7a2b and git ls-files --others
docs/omega_stage2/phase4/PHASE4_EXECUTIVE_SUMMARY.md,ADDED,UNCOMMITTED_LOCAL_HOLD,docs/omega_stage2/phase4/PHASE4_FILES_CREATED_OR_CHANGED.csv,git diff --name-status 1ff7a2b and git ls-files --others
docs/omega_stage2/phase4/PHASE4_FILES_CREATED_OR_CHANGED.csv,ADDED,UNCOMMITTED_LOCAL_HOLD,docs/omega_stage2/phase4/PHASE4_FILES_CREATED_OR_CHANGED.csv,git diff --name-status 1ff7a2b and git ls-files --others
docs/omega_stage2/phase4/PHASE4_FINAL_VERIFICATION.md,ADDED,UNCOMMITTED_LOCAL_HOLD,docs/omega_stage2/phase4/PHASE4_FILES_CREATED_OR_CHANGED.csv,git diff --name-status 1ff7a2b and git ls-files --others
docs/omega_stage2/phase4/PHASE4_GIT_IDENTITY.md,ADDED,UNCOMMITTED_LOCAL_HOLD,docs/omega_stage2/phase4/PHASE4_FILES_CREATED_OR_CHANGED.csv,git diff --name-status 1ff7a2b and git ls-files --others
docs/omega_stage2/phase4/PHASE4_NEXT_APPROVAL_REQUIRED.md,ADDED,UNCOMMITTED_LOCAL_HOLD,docs/omega_stage2/phase4/PHASE4_FILES_CREATED_OR_CHANGED.csv,git diff --name-status 1ff7a2b and git ls-files --others
docs/omega_stage2/phase4/PHASE4_QA_LIMITATIONS_REGISTER.csv,ADDED,UNCOMMITTED_LOCAL_HOLD,docs/omega_stage2/phase4/PHASE4_FILES_CREATED_OR_CHANGED.csv,git diff --name-status 1ff7a2b and git ls-files --others
docs/omega_stage2/phase4/PHASE4_RAW_COMMAND_LOG.txt,ADDED,UNCOMMITTED_LOCAL_HOLD,docs/omega_stage2/phase4/PHASE4_FILES_CREATED_OR_CHANGED.csv,git diff --name-status 1ff7a2b and git ls-files --others
docs/omega_stage2/phase4/PHASE4_TEST_RESULTS.txt,ADDED,UNCOMMITTED_LOCAL_HOLD,docs/omega_stage2/phase4/PHASE4_FILES_CREATED_OR_CHANGED.csv,git diff --name-status 1ff7a2b and git ls-files --others
docs/omega_stage2/phase4/PRODUCTION_BOUNDARY_STRUCTURAL_CONTRACT.md,ADDED,UNCOMMITTED_LOCAL_HOLD,docs/omega_stage2/phase4/PHASE4_FILES_CREATED_OR_CHANGED.csv,git diff --name-status 1ff7a2b and git ls-files --others
docs/omega_stage2/phase4/RETAINED_LIVE_PLAN_HASH_MANIFEST.json,ADDED,UNCOMMITTED_LOCAL_HOLD,docs/omega_stage2/phase4/PHASE4_FILES_CREATED_OR_CHANGED.csv,git diff --name-status 1ff7a2b and git ls-files --others
docs/omega_stage2/phase4/SCAFFOLD_PACKAGING_CONTRACT.md,ADDED,UNCOMMITTED_LOCAL_HOLD,docs/omega_stage2/phase4/PHASE4_FILES_CREATED_OR_CHANGED.csv,git diff --name-status 1ff7a2b and git ls-files --others
docs/omega_stage2/phase4/SNAPSHOT_FRESHNESS_CONTRACT.md,ADDED,UNCOMMITTED_LOCAL_HOLD,docs/omega_stage2/phase4/PHASE4_FILES_CREATED_OR_CHANGED.csv,git diff --name-status 1ff7a2b and git ls-files --others
docs/omega_stage2/phase4/SNAPSHOT_SCHEMA_MUTATION_MATRIX.csv,ADDED,UNCOMMITTED_LOCAL_HOLD,docs/omega_stage2/phase4/PHASE4_FILES_CREATED_OR_CHANGED.csv,git diff --name-status 1ff7a2b and git ls-files --others
docs/omega_stage2/phase4/SNAPSHOT_SOURCE_IMMUTABILITY_CONTRACT.md,ADDED,UNCOMMITTED_LOCAL_HOLD,docs/omega_stage2/phase4/PHASE4_FILES_CREATED_OR_CHANGED.csv,git diff --name-status 1ff7a2b and git ls-files --others
docs/omega_stage2/phase4/SNAPSHOT_SOURCE_REJECTION_MATRIX.csv,ADDED,UNCOMMITTED_LOCAL_HOLD,docs/omega_stage2/phase4/PHASE4_FILES_CREATED_OR_CHANGED.csv,git diff --name-status 1ff7a2b and git ls-files --others
docs/omega_stage2/phase4/SNAPSHOT_TRUST_MODEL.md,ADDED,UNCOMMITTED_LOCAL_HOLD,docs/omega_stage2/phase4/PHASE4_FILES_CREATED_OR_CHANGED.csv,git diff --name-status 1ff7a2b and git ls-files --others
docs/omega_stage2/phase4/STAGING_DENY_BY_DEFAULT_EGRESS.md,ADDED,UNCOMMITTED_LOCAL_HOLD,docs/omega_stage2/phase4/PHASE4_FILES_CREATED_OR_CHANGED.csv,git diff --name-status 1ff7a2b and git ls-files --others
docs/omega_stage2/phase4/STAGING_DEPLOYMENT_PROHIBITION.md,ADDED,UNCOMMITTED_LOCAL_HOLD,docs/omega_stage2/phase4/PHASE4_FILES_CREATED_OR_CHANGED.csv,git diff --name-status 1ff7a2b and git ls-files --others
docs/omega_stage2/phase4/STAGING_IAM_BOUNDARY.json,ADDED,UNCOMMITTED_LOCAL_HOLD,docs/omega_stage2/phase4/PHASE4_FILES_CREATED_OR_CHANGED.csv,git diff --name-status 1ff7a2b and git ls-files --others
docs/omega_stage2/phase4/STAGING_NETWORK_BOUNDARY.json,ADDED,UNCOMMITTED_LOCAL_HOLD,docs/omega_stage2/phase4/PHASE4_FILES_CREATED_OR_CHANGED.csv,git diff --name-status 1ff7a2b and git ls-files --others
docs/omega_stage2/phase4/STRUCTURAL_MUTATION_TEST_MATRIX.csv,ADDED,UNCOMMITTED_LOCAL_HOLD,docs/omega_stage2/phase4/PHASE4_FILES_CREATED_OR_CHANGED.csv,git diff --name-status 1ff7a2b and git ls-files --others
docs/omega_stage2/phase4/WHEEL_CONTENT_ALLOWLIST.txt,ADDED,UNCOMMITTED_LOCAL_HOLD,docs/omega_stage2/phase4/PHASE4_FILES_CREATED_OR_CHANGED.csv,git diff --name-status 1ff7a2b and git ls-files --others
docs/omega_stage2/phase4/WHEEL_CONTENT_MANIFEST.csv,ADDED,UNCOMMITTED_LOCAL_HOLD,docs/omega_stage2/phase4/PHASE4_FILES_CREATED_OR_CHANGED.csv,git diff --name-status 1ff7a2b and git ls-files --others
docs/omega_stage2/phase4/WORKFLOW_STRUCTURAL_TEST_MATRIX.csv,ADDED,UNCOMMITTED_LOCAL_HOLD,docs/omega_stage2/phase4/PHASE4_FILES_CREATED_OR_CHANGED.csv,git diff --name-status 1ff7a2b and git ls-files --others
infra/omega_staging/foundation.yaml,MODIFIED,UNCOMMITTED_LOCAL_HOLD,docs/omega_stage2/phase4/PHASE4_FILES_CREATED_OR_CHANGED.csv,git diff --name-status 1ff7a2b and git ls-files --others
infra/omega_staging/service.yaml,MODIFIED,UNCOMMITTED_LOCAL_HOLD,docs/omega_stage2/phase4/PHASE4_FILES_CREATED_OR_CHANGED.csv,git diff --name-status 1ff7a2b and git ls-files --others
packaging/omega_scaffold/pyproject.toml,ADDED,UNCOMMITTED_LOCAL_HOLD,docs/omega_stage2/phase4/PHASE4_FILES_CREATED_OR_CHANGED.csv,git diff --name-status 1ff7a2b and git ls-files --others
requirements/profiles/README.md,MODIFIED,UNCOMMITTED_LOCAL_HOLD,docs/omega_stage2/phase4/PHASE4_FILES_CREATED_OR_CHANGED.csv,git diff --name-status 1ff7a2b and git ls-files --others
requirements/profiles/dashboard.in,REMOVED,UNCOMMITTED_LOCAL_HOLD,docs/omega_stage2/phase4/PHASE4_FILES_CREATED_OR_CHANGED.csv,git diff --name-status 1ff7a2b and git ls-files --others
requirements/profiles/dashboard.lock,REMOVED,UNCOMMITTED_LOCAL_HOLD,docs/omega_stage2/phase4/PHASE4_FILES_CREATED_OR_CHANGED.csv,git diff --name-status 1ff7a2b and git ls-files --others
requirements/profiles/scaffold-build.in,ADDED,UNCOMMITTED_LOCAL_HOLD,docs/omega_stage2/phase4/PHASE4_FILES_CREATED_OR_CHANGED.csv,git diff --name-status 1ff7a2b and git ls-files --others
requirements/profiles/scaffold-build.lock,ADDED,UNCOMMITTED_LOCAL_HOLD,docs/omega_stage2/phase4/PHASE4_FILES_CREATED_OR_CHANGED.csv,git diff --name-status 1ff7a2b and git ls-files --others
requirements/profiles/scaffold-lint.in,ADDED,UNCOMMITTED_LOCAL_HOLD,docs/omega_stage2/phase4/PHASE4_FILES_CREATED_OR_CHANGED.csv,git diff --name-status 1ff7a2b and git ls-files --others
requirements/profiles/scaffold-lint.lock,ADDED,UNCOMMITTED_LOCAL_HOLD,docs/omega_stage2/phase4/PHASE4_FILES_CREATED_OR_CHANGED.csv,git diff --name-status 1ff7a2b and git ls-files --others
requirements/profiles/scaffold-runtime.in,ADDED,UNCOMMITTED_LOCAL_HOLD,docs/omega_stage2/phase4/PHASE4_FILES_CREATED_OR_CHANGED.csv,git diff --name-status 1ff7a2b and git ls-files --others
requirements/profiles/scaffold-runtime.lock,ADDED,UNCOMMITTED_LOCAL_HOLD,docs/omega_stage2/phase4/PHASE4_FILES_CREATED_OR_CHANGED.csv,git diff --name-status 1ff7a2b and git ls-files --others
requirements/profiles/scaffold-test.in,ADDED,UNCOMMITTED_LOCAL_HOLD,docs/omega_stage2/phase4/PHASE4_FILES_CREATED_OR_CHANGED.csv,git diff --name-status 1ff7a2b and git ls-files --others
requirements/profiles/scaffold-test.lock,ADDED,UNCOMMITTED_LOCAL_HOLD,docs/omega_stage2/phase4/PHASE4_FILES_CREATED_OR_CHANGED.csv,git diff --name-status 1ff7a2b and git ls-files --others
requirements/profiles/test.in,REMOVED,UNCOMMITTED_LOCAL_HOLD,docs/omega_stage2/phase4/PHASE4_FILES_CREATED_OR_CHANGED.csv,git diff --name-status 1ff7a2b and git ls-files --others
requirements/profiles/test.lock,REMOVED,UNCOMMITTED_LOCAL_HOLD,docs/omega_stage2/phase4/PHASE4_FILES_CREATED_OR_CHANGED.csv,git diff --name-status 1ff7a2b and git ls-files --others
scripts/generate_omega_phase4_schemas.py,ADDED,UNCOMMITTED_LOCAL_HOLD,docs/omega_stage2/phase4/PHASE4_FILES_CREATED_OR_CHANGED.csv,git diff --name-status 1ff7a2b and git ls-files --others
scripts/generate_phase4_file_manifest.py,ADDED,UNCOMMITTED_LOCAL_HOLD,docs/omega_stage2/phase4/PHASE4_FILES_CREATED_OR_CHANGED.csv,git diff --name-status 1ff7a2b and git ls-files --others
scripts/prepare_omega_scaffold_build_context.py,ADDED,UNCOMMITTED_LOCAL_HOLD,docs/omega_stage2/phase4/PHASE4_FILES_CREATED_OR_CHANGED.csv,git diff --name-status 1ff7a2b and git ls-files --others
scripts/verify_omega_scaffold_package.py,ADDED,UNCOMMITTED_LOCAL_HOLD,docs/omega_stage2/phase4/PHASE4_FILES_CREATED_OR_CHANGED.csv,git diff --name-status 1ff7a2b and git ls-files --others
scripts/verify_omega_scaffold_structure.py,ADDED,UNCOMMITTED_LOCAL_HOLD,docs/omega_stage2/phase4/PHASE4_FILES_CREATED_OR_CHANGED.csv,git diff --name-status 1ff7a2b and git ls-files --others
scripts/verify_phase4_evidence.py,ADDED,UNCOMMITTED_LOCAL_HOLD,docs/omega_stage2/phase4/PHASE4_FILES_CREATED_OR_CHANGED.csv,git diff --name-status 1ff7a2b and git ls-files --others
src/omega_contracts/activation.py,MODIFIED,UNCOMMITTED_LOCAL_HOLD,docs/omega_stage2/phase4/PHASE4_FILES_CREATED_OR_CHANGED.csv,git diff --name-status 1ff7a2b and git ls-files --others
src/omega_contracts/artifacts.py,MODIFIED,UNCOMMITTED_LOCAL_HOLD,docs/omega_stage2/phase4/PHASE4_FILES_CREATED_OR_CHANGED.csv,git diff --name-status 1ff7a2b and git ls-files --others
src/omega_contracts/canonical.py,MODIFIED,UNCOMMITTED_LOCAL_HOLD,docs/omega_stage2/phase4/PHASE4_FILES_CREATED_OR_CHANGED.csv,git diff --name-status 1ff7a2b and git ls-files --others
src/omega_contracts/chronology.py,MODIFIED,UNCOMMITTED_LOCAL_HOLD,docs/omega_stage2/phase4/PHASE4_FILES_CREATED_OR_CHANGED.csv,git diff --name-status 1ff7a2b and git ls-files --others
src/omega_contracts/evaluation.py,MODIFIED,UNCOMMITTED_LOCAL_HOLD,docs/omega_stage2/phase4/PHASE4_FILES_CREATED_OR_CHANGED.csv,git diff --name-status 1ff7a2b and git ls-files --others
src/omega_contracts/features.py,MODIFIED,UNCOMMITTED_LOCAL_HOLD,docs/omega_stage2/phase4/PHASE4_FILES_CREATED_OR_CHANGED.csv,git diff --name-status 1ff7a2b and git ls-files --others
src/omega_contracts/identity.py,MODIFIED,UNCOMMITTED_LOCAL_HOLD,docs/omega_stage2/phase4/PHASE4_FILES_CREATED_OR_CHANGED.csv,git diff --name-status 1ff7a2b and git ls-files --others
src/omega_contracts/production.py,MODIFIED,UNCOMMITTED_LOCAL_HOLD,docs/omega_stage2/phase4/PHASE4_FILES_CREATED_OR_CHANGED.csv,git diff --name-status 1ff7a2b and git ls-files --others
src/omega_contracts/receipts.py,MODIFIED,UNCOMMITTED_LOCAL_HOLD,docs/omega_stage2/phase4/PHASE4_FILES_CREATED_OR_CHANGED.csv,git diff --name-status 1ff7a2b and git ls-files --others
tests/omega_contracts/test_chronology_identity.py,MODIFIED,UNCOMMITTED_LOCAL_HOLD,docs/omega_stage2/phase4/PHASE4_FILES_CREATED_OR_CHANGED.csv,git diff --name-status 1ff7a2b and git ls-files --others
tests/omega_contracts/test_evaluation_activation.py,MODIFIED,UNCOMMITTED_LOCAL_HOLD,docs/omega_stage2/phase4/PHASE4_FILES_CREATED_OR_CHANGED.csv,git diff --name-status 1ff7a2b and git ls-files --others
tests/omega_contracts/test_features.py,MODIFIED,UNCOMMITTED_LOCAL_HOLD,docs/omega_stage2/phase4/PHASE4_FILES_CREATED_OR_CHANGED.csv,git diff --name-status 1ff7a2b and git ls-files --others
tests/omega_contracts/test_phase4_chronology_authority.py,ADDED,UNCOMMITTED_LOCAL_HOLD,docs/omega_stage2/phase4/PHASE4_FILES_CREATED_OR_CHANGED.csv,git diff --name-status 1ff7a2b and git ls-files --others
tests/omega_contracts/test_phase4_generated_schemas.py,ADDED,UNCOMMITTED_LOCAL_HOLD,docs/omega_stage2/phase4/PHASE4_FILES_CREATED_OR_CHANGED.csv,git diff --name-status 1ff7a2b and git ls-files --others
tests/omega_contracts/test_phase4_packaging.py,ADDED,UNCOMMITTED_LOCAL_HOLD,docs/omega_stage2/phase4/PHASE4_FILES_CREATED_OR_CHANGED.csv,git diff --name-status 1ff7a2b and git ls-files --others
tests/omega_contracts/test_phase4_structural.py,ADDED,UNCOMMITTED_LOCAL_HOLD,docs/omega_stage2/phase4/PHASE4_FILES_CREATED_OR_CHANGED.csv,git diff --name-status 1ff7a2b and git ls-files --others
tests/omega_contracts/test_production_boundary.py,MODIFIED,UNCOMMITTED_LOCAL_HOLD,docs/omega_stage2/phase4/PHASE4_FILES_CREATED_OR_CHANGED.csv,git diff --name-status 1ff7a2b and git ls-files --others
tests/omega_contracts/test_properties.py,MODIFIED,UNCOMMITTED_LOCAL_HOLD,docs/omega_stage2/phase4/PHASE4_FILES_CREATED_OR_CHANGED.csv,git diff --name-status 1ff7a2b and git ls-files --others
tests/omega_contracts/test_receipts_artifacts.py,MODIFIED,UNCOMMITTED_LOCAL_HOLD,docs/omega_stage2/phase4/PHASE4_FILES_CREATED_OR_CHANGED.csv,git diff --name-status 1ff7a2b and git ls-files --others
tests/omega_contracts/test_workflow_boundaries.py,MODIFIED,UNCOMMITTED_LOCAL_HOLD,docs/omega_stage2/phase4/PHASE4_FILES_CREATED_OR_CHANGED.csv,git diff --name-status 1ff7a2b and git ls-files --others
tests/omega_dashboard/conftest.py,MODIFIED,UNCOMMITTED_LOCAL_HOLD,docs/omega_stage2/phase4/PHASE4_FILES_CREATED_OR_CHANGED.csv,git diff --name-status 1ff7a2b and git ls-files --others
tests/omega_dashboard/test_app.py,MODIFIED,UNCOMMITTED_LOCAL_HOLD,docs/omega_stage2/phase4/PHASE4_FILES_CREATED_OR_CHANGED.csv,git diff --name-status 1ff7a2b and git ls-files --others
tests/omega_dashboard/test_runtime_denial.py,ADDED,UNCOMMITTED_LOCAL_HOLD,docs/omega_stage2/phase4/PHASE4_FILES_CREATED_OR_CHANGED.csv,git diff --name-status 1ff7a2b and git ls-files --others
tests/omega_dashboard/test_snapshot_contract.py,MODIFIED,UNCOMMITTED_LOCAL_HOLD,docs/omega_stage2/phase4/PHASE4_FILES_CREATED_OR_CHANGED.csv,git diff --name-status 1ff7a2b and git ls-files --others
