relative_path,sha256,byte_size,status,evidence_path,test_reference
AUTHENTICATION_BOUNDARY_AUDIT.md,0bbe80eb9ca8661f94f721f15fece55361769cdfeac08674137eebd1d213f1ce,3028,PRESERVED,docs/omega_stage2/phase4/PHASE3_PRESERVATION_ATTESTATION.md,pre-edit byte-for-byte hash verification
CANDIDATE_IMPORT_AND_REACHABILITY_MAP.csv,647122df0cbe87403905d2010d1b28e9bceeb3c8f4f248cebe24bce7d44d62d8,3126,PRESERVED,docs/omega_stage2/phase4/PHASE3_PRESERVATION_ATTESTATION.md,pre-edit byte-for-byte hash verification
CONTRACT_ENFORCEMENT_MATRIX.csv,bfba0da868630eab78b399489ba87578fcb4ad8275843ed27bd698ddef266453,7809,PRESERVED,docs/omega_stage2/phase4/PHASE3_PRESERVATION_ATTESTATION.md,pre-edit byte-for-byte hash verification
DASHBOARD_IMPORT_GRAPH.json,e796fd041c42d2e7c262762500c66c0eca2ff4045397349353f2657f1250ecbe,2956,PRESERVED,docs/omega_stage2/phase4/PHASE3_PRESERVATION_ATTESTATION.md,pre-edit byte-for-byte hash verification
DASHBOARD_PURITY_AUDIT.md,b1235b85d702ec09e8cde5fd6285713af9c5f8e4de3ade6d659e330bcba2a670,3485,PRESERVED,docs/omega_stage2/phase4/PHASE3_PRESERVATION_ATTESTATION.md,pre-edit byte-for-byte hash verification
DEPENDENCY_REPRODUCIBILITY.md,0c9160a3bb43c4998612e096e59d0507ff407a52bd420e82638aa9a879ccad24,3612,PRESERVED,docs/omega_stage2/phase4/PHASE3_PRESERVATION_ATTESTATION.md,pre-edit byte-for-byte hash verification
DT01_CHRONOLOGY_BOUNDARY.md,c394a3df1000b8c202ad6b5b2a680f7a6729eb71f649301b223a5db008a0473c,3952,PRESERVED,docs/omega_stage2/phase4/PHASE3_PRESERVATION_ATTESTATION.md,pre-edit byte-for-byte hash verification
FULL_CANDIDATE_DIFF_MANIFEST.csv,80f84c0d67678668c22977ade7f487bfacc8daaa91c8cb96979b0b0a7a69c5bc,10132,PRESERVED,docs/omega_stage2/phase4/PHASE3_PRESERVATION_ATTESTATION.md,pre-edit byte-for-byte hash verification
PHASE3_BLOCKERS.md,306e64df84faa5ee551fc88797486ee18281f532eb3198d266394f96ba2e2acd,2539,PRESERVED,docs/omega_stage2/phase4/PHASE3_PRESERVATION_ATTESTATION.md,pre-edit byte-for-byte hash verification
PHASE3_FILES_CREATED_OR_CHANGED.csv,456a39ef2732d837eefe58993145a220a45583d846a4f98b8bde3974a0c0142c,1884,PRESERVED,docs/omega_stage2/phase4/PHASE3_PRESERVATION_ATTESTATION.md,pre-edit byte-for-byte hash verification
PHASE3_NEXT_APPROVAL_REQUIRED.md,908738bae6a33915f5cac35ec956ffd4cf040357846bc5de0aee47aab79908f4,1499,PRESERVED,docs/omega_stage2/phase4/PHASE3_PRESERVATION_ATTESTATION.md,pre-edit byte-for-byte hash verification
PHASE3_RAW_COMMAND_LOG.txt,d2e8d9baa60526694d901ba97c48f69e6ce57cd7178c8e4a501afe7b74f4a54a,3404,PRESERVED,docs/omega_stage2/phase4/PHASE3_PRESERVATION_ATTESTATION.md,pre-edit byte-for-byte hash verification
PHASE3_TEST_RESULTS.txt,b90c5686f33702e22463e014afaac0acab8904cc4442e37dd82fc70fec0e2a6b,2552,PRESERVED,docs/omega_stage2/phase4/PHASE3_PRESERVATION_ATTESTATION.md,pre-edit byte-for-byte hash verification
PR27_SCAFFOLD_VERIFICATION.md,27c70d80c2c56d52f902dcd278872f653f80c29a19f991e2597ff4a13c137119,5961,PRESERVED,docs/omega_stage2/phase4/PHASE3_PRESERVATION_ATTESTATION.md,pre-edit byte-for-byte hash verification
PRODUCTION_BOUNDARY_NEGATIVE_TESTS.md,0faa4a127f371ed88b0e9f77cf502f5a1dec5e4726ab2650b18a2e582d201167,3922,PRESERVED,docs/omega_stage2/phase4/PHASE3_PRESERVATION_ATTESTATION.md,pre-edit byte-for-byte hash verification
QA_LIMITATIONS_REGISTER.csv,e0086581eaa03a42891f8b0dce963037adc1e3890cd40b0b4a077a8ddcac94bb,4223,PRESERVED,docs/omega_stage2/phase4/PHASE3_PRESERVATION_ATTESTATION.md,pre-edit byte-for-byte hash verification
SNAPSHOT_REJECTION_MATRIX.csv,6085393dc8a8a7becd81e63d9a5bc9bb23479337256feb9a5abe5f8b84347588,3297,PRESERVED,docs/omega_stage2/phase4/PHASE3_PRESERVATION_ATTESTATION.md,pre-edit byte-for-byte hash verification
SYMBOL_MAP_COVERAGE.csv,8277ec095b68054304d5c18760a861906eee26eecc33130408cd2cf01bbf7b2a,4753,PRESERVED,docs/omega_stage2/phase4/PHASE3_PRESERVATION_ATTESTATION.md,pre-edit byte-for-byte hash verification
SYMBOL_MAP_EXCLUSIONS.md,4db5b561de76fe5c453cde2fc0790a5501bff2918980f839aabca4d8c38f7e4b,2368,PRESERVED,docs/omega_stage2/phase4/PHASE3_PRESERVATION_ATTESTATION.md,pre-edit byte-for-byte hash verification
SYMBOL_TO_FILE_MAP.csv,317f42ad97ae60ec7e01824b9ae370236841d396e299d01621b44008099001bc,15665,PRESERVED,docs/omega_stage2/phase4/PHASE3_PRESERVATION_ATTESTATION.md,pre-edit byte-for-byte hash verification
