test_id,condition,expected_status,evidence_path,test_reference,status
SS-001,stale_future_or_post_start,REJECT,tests/omega_dashboard/test_snapshot_contract.py,test_future_stale_and_post_start_loads_fail_closed,PASS_WINDOWS_LOCAL
SS-002,naive_or_noncanonical_timestamp,REJECT,tests/omega_dashboard/test_snapshot_contract.py,test_naive_capture_and_noncanonical_timestamp_fail_schema,PASS_WINDOWS_LOCAL
SS-003,missing_age_or_size_or_anchor,REJECT,tests/omega_dashboard/test_snapshot_contract.py,test_required_trust_and_operational_configuration_fail_closed,PASS_WINDOWS_LOCAL
SS-004,writable_file_root_or_parent,REJECT,tests/omega_dashboard/test_snapshot_contract.py,test_writable_file_root_and_parent_are_rejected,PASS_WINDOWS_LOCAL
SS-005,symlink_or_reparse_point,REJECT,tests/omega_dashboard/test_snapshot_contract.py,test_symlink_and_reparse_markers_are_rejected,PASS_WINDOWS_LOCAL
SS-006,traversal_or_absolute_escape,REJECT,tests/omega_dashboard/test_snapshot_contract.py,test_manifest_path_traversal_and_absolute_escape_fail_closed,PASS_WINDOWS_LOCAL
SS-007,replaced_after_stat_or_during_read,REJECT,tests/omega_dashboard/test_snapshot_contract.py,test_time_of_check_to_time_of_use_replacement_fails|test_file_changed_during_verified_descriptor_read_fails,PASS_WINDOWS_LOCAL
SS-008,inconclusive_permission_state,REJECT,tests/omega_dashboard/test_snapshot_contract.py,test_inconclusive_permission_state_fails_closed,PASS_WINDOWS_LOCAL
SS-009,posix_read_only_tree,ACCEPT,tests/omega_dashboard/test_snapshot_contract.py,test_posix_immutable_mode_positive_control,PENDING_CLEAN_UBUNTU
