test_id,mutation,expected_status,evidence_path,test_reference,status
SM-001,missing_game_player_team_or_opponent_id,REJECT,tests/omega_dashboard/test_snapshot_contract.py,test_identity_and_semantic_mutations_fail_closed,PASS_WINDOWS_LOCAL
SM-002,unresolved_identity_or_malformed_receipt_hash,REJECT,tests/omega_dashboard/test_snapshot_contract.py,test_identity_and_semantic_mutations_fail_closed,PASS_WINDOWS_LOCAL
SM-003,unbound_or_unlisted_receipt,REJECT,tests/omega_dashboard/test_snapshot_contract.py,test_identity_and_semantic_mutations_fail_closed|test_unbound_receipt_and_name_only_abstention_fail_closed,PASS_WINDOWS_LOCAL
SM-004,name_player_team_or_game_mismatch,REJECT,tests/omega_dashboard/test_snapshot_contract.py,test_identity_and_semantic_mutations_fail_closed,PASS_WINDOWS_LOCAL
SM-005,arbitrary_nested_metadata_or_unknown_field,REJECT,tests/omega_dashboard/test_snapshot_contract.py,test_identity_and_semantic_mutations_fail_closed,PASS_WINDOWS_LOCAL
SM-006,outcome_roi_profit_loss_settlement_odds_or_price_payload,REJECT,tests/omega_dashboard/test_snapshot_contract.py,test_identity_and_semantic_mutations_fail_closed,PASS_WINDOWS_LOCAL
SM-007,unicode_normalized_semantic_payload,REJECT,tests/omega_dashboard/test_snapshot_contract.py,test_identity_and_semantic_mutations_fail_closed,PASS_WINDOWS_LOCAL
SM-008,oversized_string_or_name_only_abstention,REJECT,tests/omega_dashboard/test_snapshot_contract.py,test_identity_and_semantic_mutations_fail_closed|test_unbound_receipt_and_name_only_abstention_fail_closed,PASS_WINDOWS_LOCAL
SM-009,duplicate_json_key_or_bad_row_hash,REJECT,tests/omega_dashboard/test_snapshot_contract.py,test_row_content_hash_and_duplicate_json_key_fail_closed,PASS_WINDOWS_LOCAL
