entry_path,byte_size,sha256,status,evidence_path,test_reference
dashboard/__init__.py,320,30877460c730d130d51ec647ccbeb31f57d310e80c3aee584fdab17bc08f2181,VERIFIED,docs/omega_stage2/phase4/WHEEL_CONTENT_MANIFEST.csv,tests/omega_contracts/test_phase4_packaging.py
dashboard/app.py,18211,893f387d84b96fb4718b75bc50b49f7e05bc9f5ba831d48e0619afcf956b0bfb,VERIFIED,docs/omega_stage2/phase4/WHEEL_CONTENT_MANIFEST.csv,tests/omega_contracts/test_phase4_packaging.py
dashboard/contracts.py,27984,e3b39dbe169c3b2a4d7945beed69e5fb22bac08911cd64b452b1aee28793915a,VERIFIED,docs/omega_stage2/phase4/WHEEL_CONTENT_MANIFEST.csv,tests/omega_contracts/test_phase4_packaging.py
dashboard/snapshot_store.py,25219,90b2e9f0eff40e1fbe5d784947a4133525e1a841f6d8dceda393871f12ec59c0,VERIFIED,docs/omega_stage2/phase4/WHEEL_CONTENT_MANIFEST.csv,tests/omega_contracts/test_phase4_packaging.py
dashboard/static/style.css,3544,51bdb877deeae816747e28429461f2929b4be1913bc8df34eddbe11d188146ca,VERIFIED,docs/omega_stage2/phase4/WHEEL_CONTENT_MANIFEST.csv,tests/omega_contracts/test_phase4_packaging.py
dashboard/templates/index.html,11261,5606d3cb5d026391e840aa4b67d8398276a05db2afd63f4629dc21cccbbc8e4c,VERIFIED,docs/omega_stage2/phase4/WHEEL_CONTENT_MANIFEST.csv,tests/omega_contracts/test_phase4_packaging.py
omega_trust_scaffold-0.4.0.dist-info/METADATA,299,f3d1f13553db2b99d1ad729afdcae2ef7258bd975be49f5557400cac6f35c083,VERIFIED,docs/omega_stage2/phase4/WHEEL_CONTENT_MANIFEST.csv,tests/omega_contracts/test_phase4_packaging.py
omega_trust_scaffold-0.4.0.dist-info/RECORD,1901,290d65c59c55a1f0cb841e3cd14f5f6c80854276bfcee9c206baeccc1aab8321,VERIFIED,docs/omega_stage2/phase4/WHEEL_CONTENT_MANIFEST.csv,tests/omega_contracts/test_phase4_packaging.py
omega_trust_scaffold-0.4.0.dist-info/WHEEL,91,ff309ddcdd65ebd02bc724dbf2bcc4a0ff53a5b61792a44548d383e4ebb19d3b,VERIFIED,docs/omega_stage2/phase4/WHEEL_CONTENT_MANIFEST.csv,tests/omega_contracts/test_phase4_packaging.py
omega_trust_scaffold-0.4.0.dist-info/top_level.txt,14,dd46cd7718b6fe9e93df0610d5237bf3693e3f7d8459808e2551a12f3f3d404f,VERIFIED,docs/omega_stage2/phase4/WHEEL_CONTENT_MANIFEST.csv,tests/omega_contracts/test_phase4_packaging.py
src/omega_contracts/__init__.py,274,349193f7fb22028fbf571c0cc4223382848b62248109fc6a07b452493f2c9fcb,VERIFIED,docs/omega_stage2/phase4/WHEEL_CONTENT_MANIFEST.csv,tests/omega_contracts/test_phase4_packaging.py
src/omega_contracts/activation.py,1152,3edb2f698c605c9537830d6b198143b5f95cc27751dde7f5fc09d4568ece4f67,VERIFIED,docs/omega_stage2/phase4/WHEEL_CONTENT_MANIFEST.csv,tests/omega_contracts/test_phase4_packaging.py
src/omega_contracts/artifacts.py,11918,ab9cf2cbaf2a23000a5c90bd011398d978ac36693907235cae1aa27a83d511cf,VERIFIED,docs/omega_stage2/phase4/WHEEL_CONTENT_MANIFEST.csv,tests/omega_contracts/test_phase4_packaging.py
src/omega_contracts/canonical.py,3335,d236405a202bee08d707971a6a596c4c8687bec4a3721957bda7f761baa5b80d,VERIFIED,docs/omega_stage2/phase4/WHEEL_CONTENT_MANIFEST.csv,tests/omega_contracts/test_phase4_packaging.py
src/omega_contracts/chronology.py,7747,2e8d927cf1006ee2f4e66aca60d270320ea57380657ee8683b078b2dcd398469,VERIFIED,docs/omega_stage2/phase4/WHEEL_CONTENT_MANIFEST.csv,tests/omega_contracts/test_phase4_packaging.py
src/omega_contracts/durability.py,928,19da7f40835f72787361405ccb80193a0e3f67156d78db74b82097d407e3826b,VERIFIED,docs/omega_stage2/phase4/WHEEL_CONTENT_MANIFEST.csv,tests/omega_contracts/test_phase4_packaging.py
src/omega_contracts/errors.py,538,66cb91635ffd639034aa3bf52cb276021b615fdfed1b426b79bb64a72675681c,VERIFIED,docs/omega_stage2/phase4/WHEEL_CONTENT_MANIFEST.csv,tests/omega_contracts/test_phase4_packaging.py
src/omega_contracts/evaluation.py,7195,efb0c707e52f6ecfd9ced5b848024693d053214b32b081a660ef70f120283736,VERIFIED,docs/omega_stage2/phase4/WHEEL_CONTENT_MANIFEST.csv,tests/omega_contracts/test_phase4_packaging.py
src/omega_contracts/features.py,10335,0fe56034f835959d2f8ddf8e018c1f3dab9a702c44fd748f4264b54ee083288e,VERIFIED,docs/omega_stage2/phase4/WHEEL_CONTENT_MANIFEST.csv,tests/omega_contracts/test_phase4_packaging.py
src/omega_contracts/identity.py,3983,a17e496e4e9e220d03389bd8d1724c54cbd1e673c362c244795defd92408c7e7,VERIFIED,docs/omega_stage2/phase4/WHEEL_CONTENT_MANIFEST.csv,tests/omega_contracts/test_phase4_packaging.py
src/omega_contracts/production.py,3616,2b6379cb82628ac8edb15c1cd71bfd32314b350982d8c5c3a6e194127c520ae1,VERIFIED,docs/omega_stage2/phase4/WHEEL_CONTENT_MANIFEST.csv,tests/omega_contracts/test_phase4_packaging.py
src/omega_contracts/receipts.py,6813,1d5667753db9a180a54e88364f4bda7444c690f3b8d9556746beb68af2e1c2d0,VERIFIED,docs/omega_stage2/phase4/WHEEL_CONTENT_MANIFEST.csv,tests/omega_contracts/test_phase4_packaging.py
